{"data": [
{"rows": "[\n[-2, 0, 0, 0, 3], \n[1, 1, 1, 2, 2]]", "evaluation": 0, "time": 0.005546900036279112},
{"rows": "[\n[-2, 0, 0, 0, 3], \n[1, 1, 1, 2, 2]]", "evaluation": 5, "time": 0.0130751000251621},
]}