{"data": [
{"rows": "[\n[-2, 0, 0, 0, 3], \n[1, 1, 1, 2, 2]]", "evaluation": 0, "time": 0.006098099984228611},
{"rows": "[\n[-2, 0, 0, 0, 3], \n[1, 1, 1, 2, 2]]", "evaluation": 5, "time": 0.013195900013670325},
]}